Test group,Reference group,Stat,Pvalue,Padj
Neurons (NEUN),Astrocytes (GFAP),25.0,6.247436945725941e-06,1.8742310837177826e-05
Microglia (IBA1),Astrocytes (GFAP),28.0,6.1381127836652995e-06,1.8742310837177826e-05
Neurons (NEUN),Oligodendrocytes (OLIG2),32.0,0.0013742828414045178,0.0027485656828090356
Microglia (IBA1),Oligodendrocytes (OLIG2),41.0,0.0033245018314460935,0.0049867527471691405
Astrocytes (GFAP),Oligodendrocytes (OLIG2),158.0,0.008554085071697604,0.010264902086037125
Neurons (NEUN),Microglia (IBA1),164.0,0.23531287167144888,0.23531287167144888
