Test group,Reference group,Stat,Pvalue,Padj
Neurons (NEUN),Astrocytes (GFAP),317.0,6.578120977754177e-05,0.00039468725866525063
Microglia (IBA1),Astrocytes (GFAP),324.0,0.00015072280855078836,0.0004521684256523651
Neurons (NEUN),Oligodendrocytes (OLIG2),186.0,0.0018244273450425492,0.0036488546900850984
Microglia (IBA1),Oligodendrocytes (OLIG2),190.0,0.0033245018314460935,0.0049867527471691405
Neurons (NEUN),Microglia (IBA1),194.0,0.6860001985352058,0.8047247609743855
Astrocytes (GFAP),Oligodendrocytes (OLIG2),93.0,0.8047247609743855,0.8047247609743855
