Test group,Reference group,Stat,Pvalue,Padj
Neurons (NEUN),Microglia (IBA1),356.0,0.00012148584625536872,0.0007289150775322124
Neurons (NEUN),Astrocytes (GFAP),285.0,0.0021026087343256504,0.006307826202976951
Neurons (NEUN),Oligodendrocytes (OLIG2),174.0,0.008682299128220515,0.01736459825644103
Microglia (IBA1),Oligodendrocytes (OLIG2),88.0,0.2522190276903955,0.37832854153559325
Microglia (IBA1),Astrocytes (GFAP),173.0,0.6345933919109357,0.7594509733595465
Astrocytes (GFAP),Oligodendrocytes (OLIG2),92.0,0.7594509733595465,0.7594509733595465
