Test group,Reference group,Stat,Pvalue,Padj
Neurons (NEUN),Microglia (IBA1),408.0,1.979213270723881e-07,1.1875279624343287e-06
Neurons (NEUN),Astrocytes (GFAP),333.0,7.499004966135748e-06,2.2497014898407247e-05
Neurons (NEUN),Oligodendrocytes (OLIG2),213.0,2.3179812965702572e-05,4.6359625931405144e-05
Microglia (IBA1),Oligodendrocytes (OLIG2),51.0,0.00954032159977872,0.014310482399668081
Astrocytes (GFAP),Oligodendrocytes (OLIG2),71.0,0.21165720061768334,0.25398864074122
Microglia (IBA1),Astrocytes (GFAP),162.0,0.4273413912873917,0.4273413912873917
