Test group,Reference group,Stat,Pvalue,Padj
Neurons (NEUN),Microglia (IBA1),420.0,4.650395086620351e-08,2.7902370519722105e-07
Neurons (NEUN),Astrocytes (GFAP),360.0,1.537446028019874e-07,4.6123380840596225e-07
Neurons (NEUN),Oligodendrocytes (OLIG2),220.0,6.159692461891886e-06,1.2319384923783772e-05
Microglia (IBA1),Oligodendrocytes (OLIG2),71.0,0.08085559837005224,0.12128339755507836
Microglia (IBA1),Astrocytes (GFAP),155.0,0.3452701489198369,0.4143241787038042
Astrocytes (GFAP),Oligodendrocytes (OLIG2),81.0,0.4314789394966665,0.4314789394966665
