Test group,Reference group,Stat,Pvalue,Padj
Neurons (NEUN),Microglia (IBA1),154.0,0.11547632158705012,0.4386640864099143
Neurons (NEUN),Oligodendrocytes (OLIG2),79.0,0.16831509802329203,0.4386640864099143
Microglia (IBA1),Astrocytes (GFAP),229.0,0.21933204320495714,0.4386640864099143
Astrocytes (GFAP),Oligodendrocytes (OLIG2),79.0,0.3268315635896284,0.4902473453844426
Neurons (NEUN),Astrocytes (GFAP),177.0,0.9326676568515888,0.9332415060708741
Microglia (IBA1),Oligodendrocytes (OLIG2),118.0,0.9332415060708741,0.9332415060708741
