Test group,Reference group,Stat,Pvalue,Padj
Neurons (NEUN),Microglia (IBA1),1.0,4.9970626498303505e-08,2.9982375898982107e-07
Neurons (NEUN),Oligodendrocytes (OLIG2),0.0,5.452686566230114e-06,1.6358059698690346e-05
Neurons (NEUN),Astrocytes (GFAP),37.0,2.7450261842711226e-05,5.490052368542245e-05
Microglia (IBA1),Oligodendrocytes (OLIG2),200.0,0.000859821849574039,0.0012897327743610586
Microglia (IBA1),Astrocytes (GFAP),294.0,0.00323892204243862,0.0038867064509263438
Astrocytes (GFAP),Oligodendrocytes (OLIG2),84.0,0.5145258076567345,0.5145258076567345
