Test group,Reference group,Stat,Pvalue,Padj
Neurons (NEUN),Microglia (IBA1),359.0,5.853603807795158e-05,0.0003512162284677095
Microglia (IBA1),Oligodendrocytes (OLIG2),60.0,0.017967212226037945,0.05390163667811384
Neurons (NEUN),Oligodendrocytes (OLIG2),153.5,0.07481430648110327,0.14962861296220653
Microglia (IBA1),Astrocytes (GFAP),144.0,0.15235564356905126,0.2285334653535769
Neurons (NEUN),Astrocytes (GFAP),214.0,0.3175582735690401,0.3810699282828481
Astrocytes (GFAP),Oligodendrocytes (OLIG2),93.0,0.7955628201054925,0.7955628201054925
