Test group,Reference group,Stat,Pvalue,Padj
Microglia (IBA1),Oligodendrocytes (OLIG2),69.5,0.06677439559083756,0.40064637354502536
Neurons (NEUN),Microglia (IBA1),251.0,0.2787779577909143,0.4345427259798787
Astrocytes (GFAP),Oligodendrocytes (OLIG2),70.5,0.20346870917823678,0.4345427259798787
Neurons (NEUN),Oligodendrocytes (OLIG2),84.0,0.28969515065325246,0.4345427259798787
Microglia (IBA1),Astrocytes (GFAP),167.5,0.5398221071480502,0.6477865285776603
Neurons (NEUN),Astrocytes (GFAP),188.0,0.822939383179621,0.822939383179621
