Test group,Reference group,Stat,Pvalue,Padj
Neurons (NEUN),Microglia (IBA1),388.0,2.066781868757528e-06,1.2400691212545168e-05
Neurons (NEUN),Astrocytes (GFAP),321.5,2.3495666515509733e-05,7.048699954652921e-05
Neurons (NEUN),Oligodendrocytes (OLIG2),182.0,0.0031454895363622394,0.006290979072724479
Microglia (IBA1),Oligodendrocytes (OLIG2),55.0,0.010946831595651973,0.01642024739347796
Astrocytes (GFAP),Oligodendrocytes (OLIG2),53.0,0.027622182235972303,0.03314661868316676
Microglia (IBA1),Astrocytes (GFAP),194.0,0.8767733401081481,0.8767733401081481
