Test group,Reference group,Log2FoldChange,Stat,Pvalue,Padj
Microglia (IBA1),Oligodendrocytes (OLIG2),-2.5178779843131003,4.0,7.742745331488264e-06,4.6456471988929586e-05
Neurons (NEUN),Oligodendrocytes (OLIG2),-1.9398373656377617,18.0,0.00015351009743849457,0.00046053029231548373
Microglia (IBA1),Astrocytes (GFAP),-1.0270626813880266,115.0,0.030631646399235216,0.06126329279847043
Astrocytes (GFAP),Oligodendrocytes (OLIG2),-1.4908153029250737,56.0,0.05441166176371672,0.0816174926455751
Neurons (NEUN),Microglia (IBA1),0.5780406186753386,254.0,0.24470945013470558,0.27175128041016494
Neurons (NEUN),Astrocytes (GFAP),-0.44902206271268796,142.5,0.27175128041016494,0.27175128041016494
