Test group,Reference group,Stat,Pvalue,Padj
Neurons (NEUN),Microglia (IBA1),357.0,4.0194801209358294e-05,0.00024116880725614978
Microglia (IBA1),Oligodendrocytes (OLIG2),31.0,0.00017884079058924052,0.0005365223717677216
Microglia (IBA1),Astrocytes (GFAP),129.0,0.04034012734045565,0.0806802546809113
Neurons (NEUN),Astrocytes (GFAP),229.0,0.14578498934030942,0.21867748401046413
Astrocytes (GFAP),Oligodendrocytes (OLIG2),74.0,0.2533890414266502,0.3040668497119802
Neurons (NEUN),Oligodendrocytes (OLIG2),112.0,0.9504442753722926,0.9504442753722926
