Test group,Reference group,Stat,Pvalue,Padj
Neurons (NEUN),Astrocytes (GFAP),41.0,5.1223997017702936e-05,0.00030734398210621765
Astrocytes (GFAP),Oligodendrocytes (OLIG2),161.0,0.005705915288936018,0.017117745866808056
Microglia (IBA1),Astrocytes (GFAP),103.0,0.015988525777241906,0.03197705155448381
Neurons (NEUN),Microglia (IBA1),141.5,0.0756855214022093,0.11352828210331395
Microglia (IBA1),Oligodendrocytes (OLIG2),138.5,0.3715740689575501,0.4458888827490601
Neurons (NEUN),Oligodendrocytes (OLIG2),100.5,0.7099297716877788,0.7099297716877788
