Test group,Reference group,Stat,Pvalue,Padj
Neurons (NEUN),Astrocytes (GFAP),356.0,2.880995151314362e-07,1.7285970907886172e-06
Neurons (NEUN),Oligodendrocytes (OLIG2),218.0,9.068895578585952e-06,2.7206686735757856e-05
Microglia (IBA1),Astrocytes (GFAP),337.0,3.245030438105099e-05,6.490060876210199e-05
Microglia (IBA1),Oligodendrocytes (OLIG2),209.0,0.0002243720803988678,0.00033655812059830173
Neurons (NEUN),Microglia (IBA1),341.0,0.0006647863804617608,0.000797743656554113
Astrocytes (GFAP),Oligodendrocytes (OLIG2),97.0,0.9462407476848703,0.9462407476848703
