Test group,Reference group,Stat,Pvalue,Padj
Neurons (NEUN),Microglia (IBA1),330.0,0.0005942905007752711,0.003565743004651627
Neurons (NEUN),Astrocytes (GFAP),257.0,0.018010017846543734,0.03602003569308747
Microglia (IBA1),Oligodendrocytes (OLIG2),64.0,0.01692023735343119,0.03602003569308747
Neurons (NEUN),Oligodendrocytes (OLIG2),151.0,0.08901542055662773,0.1335231308349416
Microglia (IBA1),Astrocytes (GFAP),156.0,0.23289667274674053,0.2677022506198772
Astrocytes (GFAP),Oligodendrocytes (OLIG2),76.0,0.2677022506198772,0.2677022506198772
