Test group,Reference group,Stat,Pvalue,Padj
Neurons (NEUN),Microglia (IBA1),235.0,0.520629185821164,0.780943778731746
Neurons (NEUN),Astrocytes (GFAP),220.0,0.2438729067041061,0.780943778731746
Astrocytes (GFAP),Oligodendrocytes (OLIG2),77.0,0.32661306045757654,0.780943778731746
Microglia (IBA1),Oligodendrocytes (OLIG2),96.5,0.4594686597716663,0.780943778731746
Microglia (IBA1),Astrocytes (GFAP),194.0,0.8961501119389053,0.8961501119389053
Neurons (NEUN),Oligodendrocytes (OLIG2),104.0,0.8202951358729818,0.8961501119389053
