Test group,Reference group,Stat,Pvalue,Padj
Neurons (NEUN),Astrocytes (GFAP),48.0,0.00012082919965718349,0.000724975197943101
Astrocytes (GFAP),Oligodendrocytes (OLIG2),175.0,0.0006901245181586972,0.0020703735544760917
Microglia (IBA1),Astrocytes (GFAP),82.0,0.002697159366346053,0.005394318732692106
Neurons (NEUN),Microglia (IBA1),150.0,0.12069080052744556,0.18103620079116836
Microglia (IBA1),Oligodendrocytes (OLIG2),141.0,0.3212465525328585,0.3854958630394302
Neurons (NEUN),Oligodendrocytes (OLIG2),94.0,0.5222147358186409,0.5222147358186409
