Test group,Reference group,Stat,Pvalue,Padj
Neurons (NEUN),Oligodendrocytes (OLIG2),0.0,5.709584671583705e-06,3.4257508029502236e-05
Microglia (IBA1),Oligodendrocytes (OLIG2),9.0,2.364022134563252e-05,7.092066403689756e-05
Astrocytes (GFAP),Oligodendrocytes (OLIG2),27.0,0.0012746324083548939,0.0025492648167097878
Neurons (NEUN),Astrocytes (GFAP),125.0,0.10677641461648331,0.16016462192472497
Microglia (IBA1),Astrocytes (GFAP),146.5,0.22985888013455003,0.27583065616146
Neurons (NEUN),Microglia (IBA1),203.0,0.863212260971319,0.863212260971319
