Test group,Reference group,Stat,Pvalue,Padj
Astrocytes (GFAP),Oligodendrocytes (OLIG2),161.5,0.005129566161785889,0.030777396970715333
Neurons (NEUN),Astrocytes (GFAP),96.0,0.013997358506700405,0.041992075520101216
Microglia (IBA1),Astrocytes (GFAP),109.0,0.024701888078980692,0.049403776157961383
Microglia (IBA1),Oligodendrocytes (OLIG2),153.0,0.14005035454954415,0.21007553182431624
Neurons (NEUN),Oligodendrocytes (OLIG2),137.0,0.26805071596507035,0.3216608591580844
Neurons (NEUN),Microglia (IBA1),200.0,0.8029126902893003,0.8029126902893003
