Test group,Reference group,Stat,Pvalue,Padj
Neurons (NEUN),Microglia (IBA1),98.0,0.003635785976120373,0.021814715856722237
Microglia (IBA1),Astrocytes (GFAP),273.0,0.018631533646789548,0.05589460094036865
Neurons (NEUN),Oligodendrocytes (OLIG2),80.0,0.2232463314669353,0.33486949720040293
Microglia (IBA1),Oligodendrocytes (OLIG2),148.0,0.20421597279906012,0.33486949720040293
Astrocytes (GFAP),Oligodendrocytes (OLIG2),83.0,0.4857923841571563,0.5829508609885875
Neurons (NEUN),Astrocytes (GFAP),181.0,0.9883346781696835,0.9883346781696835
