Test group,Reference group,Stat,Pvalue,Padj
Neurons (NEUN),Microglia (IBA1),0.0,4.5270806338568744e-08,2.716248380314125e-07
Microglia (IBA1),Astrocytes (GFAP),378.0,1.0939335392500127e-07,3.2818006177500383e-07
Neurons (NEUN),Astrocytes (GFAP),19.0,2.634900268558017e-06,5.269800537116034e-06
Microglia (IBA1),Oligodendrocytes (OLIG2),231.0,5.049087762292758e-06,7.573631643439138e-06
Neurons (NEUN),Oligodendrocytes (OLIG2),44.0,0.006734187831591749,0.008081025397910098
Astrocytes (GFAP),Oligodendrocytes (OLIG2),147.0,0.03276376857857748,0.03276376857857748
