Test group,Reference group,Stat,Pvalue,Padj
Microglia (IBA1),Astrocytes (GFAP),326.0,0.00012023500969931099,0.000360705029097933
Microglia (IBA1),Oligodendrocytes (OLIG2),213.0,0.00011812669547381793,0.000360705029097933
Neurons (NEUN),Astrocytes (GFAP),275.0,0.005731967606667855,0.01146393521333571
Neurons (NEUN),Microglia (IBA1),122.0,0.022473007644308155,0.033709511466462234
Neurons (NEUN),Oligodendrocytes (OLIG2),161.0,0.037073827552019024,0.04448859306242283
Astrocytes (GFAP),Oligodendrocytes (OLIG2),70.0,0.20020078287121656,0.20020078287121656
