Test group,Reference group,Stat,Pvalue,Padj
Neurons (NEUN),Astrocytes (GFAP),96.0,0.01272903864097437,0.05248395627767274
Astrocytes (GFAP),Oligodendrocytes (OLIG2),152.0,0.01749465209255758,0.05248395627767274
Microglia (IBA1),Astrocytes (GFAP),119.5,0.049949821841768015,0.09989964368353603
Microglia (IBA1),Oligodendrocytes (OLIG2),142.0,0.29689715779338155,0.4453457366900723
Neurons (NEUN),Microglia (IBA1),186.0,0.529711002214484,0.6356532026573808
Neurons (NEUN),Oligodendrocytes (OLIG2),117.5,0.7659216875506514,0.7659216875506514
