Test group,Reference group,Stat,Pvalue,Padj
Neurons (NEUN),Microglia (IBA1),249.0,0.31179964289082496,0.8881403757443576
Neurons (NEUN),Astrocytes (GFAP),224.0,0.19798167424780666,0.8881403757443576
Neurons (NEUN),Oligodendrocytes (OLIG2),129.0,0.4440701878721788,0.8881403757443576
Microglia (IBA1),Astrocytes (GFAP),200.0,0.7631031264510719,0.9157237517412863
Astrocytes (GFAP),Oligodendrocytes (OLIG2),88.5,0.649692334750618,0.9157237517412863
Microglia (IBA1),Oligodendrocytes (OLIG2),118.0,0.9364262664793976,0.9364262664793976
