Test group,Reference group,Stat,Pvalue,Padj
Neurons (NEUN),Microglia (IBA1),420.0,4.650395086620351e-08,2.7902370519722105e-07
Microglia (IBA1),Astrocytes (GFAP),2.0,1.487966961930966e-07,4.463900885792898e-07
Neurons (NEUN),Astrocytes (GFAP),338.0,4.133495602171623e-06,7.573631643439138e-06
Microglia (IBA1),Oligodendrocytes (OLIG2),0.0,5.049087762292758e-06,7.573631643439138e-06
Neurons (NEUN),Oligodendrocytes (OLIG2),202.0,0.00015829487114574667,0.00018995384537489598
Astrocytes (GFAP),Oligodendrocytes (OLIG2),68.0,0.17041453269533946,0.17041453269533946
