Test group,Reference group,Stat,Pvalue,Padj
Neurons (NEUN),Microglia (IBA1),73.0,0.0003705772147145863,0.002223463288287518
Microglia (IBA1),Oligodendrocytes (OLIG2),184.0,0.006976443084770198,0.020929329254310597
Microglia (IBA1),Astrocytes (GFAP),278.0,0.012502558321790008,0.025005116643580017
Neurons (NEUN),Astrocytes (GFAP),183.5,0.9298920962123722,0.9298920962123722
Neurons (NEUN),Oligodendrocytes (OLIG2),104.0,0.8203663747338166,0.9298920962123722
Astrocytes (GFAP),Oligodendrocytes (OLIG2),92.0,0.769200562349798,0.9298920962123722
