Test group,Reference group,Stat,Pvalue,Padj
Neurons (NEUN),Microglia (IBA1),407.0,6.65448791912576e-08,3.992692751475456e-07
Neurons (NEUN),Astrocytes (GFAP),346.5,2.854788873612258e-07,8.564366620836774e-07
Neurons (NEUN),Oligodendrocytes (OLIG2),205.5,7.6271510109944e-05,0.000152543020219888
Astrocytes (GFAP),Oligodendrocytes (OLIG2),70.5,0.05594724403050367,0.08392086604575551
Microglia (IBA1),Oligodendrocytes (OLIG2),88.0,0.13870250421997862,0.16644300506397433
Microglia (IBA1),Astrocytes (GFAP),204.0,0.4379344424380881,0.4379344424380881
