Test group,Reference group,Stat,Pvalue,Padj
Neurons (NEUN),Microglia (IBA1),60.0,6.923179510794726e-05,0.00041539077064768355
Microglia (IBA1),Astrocytes (GFAP),302.0,0.0011748039205423616,0.003524411761627085
Microglia (IBA1),Oligodendrocytes (OLIG2),184.0,0.006369354867552812,0.012738709735105625
Neurons (NEUN),Oligodendrocytes (OLIG2),75.0,0.13045761740371506,0.1956864261055726
Neurons (NEUN),Astrocytes (GFAP),154.0,0.419960489389691,0.5039525872676291
Astrocytes (GFAP),Oligodendrocytes (OLIG2),89.0,0.6455981928422885,0.6455981928422885
