Test group,Reference group,Stat,Pvalue,Padj
Microglia (IBA1),Astrocytes (GFAP),276.0,0.014795151615755443,0.08877090969453266
Neurons (NEUN),Astrocytes (GFAP),242.0,0.07218193003752028,0.14436386007504057
Microglia (IBA1),Oligodendrocytes (OLIG2),163.0,0.06218953765534752,0.14436386007504057
Neurons (NEUN),Oligodendrocytes (OLIG2),142.0,0.19342505032744084,0.29013757549116126
Neurons (NEUN),Microglia (IBA1),167.0,0.2676310866992896,0.2908556336911423
Astrocytes (GFAP),Oligodendrocytes (OLIG2),75.0,0.2908556336911423,0.2908556336911423
