Test group,Reference group,Stat,Pvalue,Padj
Neurons (NEUN),Microglia (IBA1),180.0,0.4416441481030422,0.9506192044959091
Neurons (NEUN),Astrocytes (GFAP),154.0,0.45594527498143944,0.9506192044959091
Neurons (NEUN),Oligodendrocytes (OLIG2),112.0,0.9506192044959091,0.9506192044959091
Microglia (IBA1),Astrocytes (GFAP),184.0,0.8990996387404141,0.9506192044959091
Microglia (IBA1),Oligodendrocytes (OLIG2),128.0,0.6339947589340608,0.9506192044959091
Astrocytes (GFAP),Oligodendrocytes (OLIG2),111.0,0.6051909029394726,0.9506192044959091
