Test group,Reference group,Stat,Pvalue,Padj
Neurons (NEUN),Astrocytes (GFAP),235.0,0.11089247797469316,0.3248384940475597
Microglia (IBA1),Astrocytes (GFAP),239.0,0.16241924702377986,0.3248384940475597
Astrocytes (GFAP),Oligodendrocytes (OLIG2),63.0,0.11013759146160651,0.3248384940475597
Neurons (NEUN),Microglia (IBA1),228.0,0.6480625747586797,0.9720938621380195
Neurons (NEUN),Oligodendrocytes (OLIG2),116.0,0.8203663747338166,0.9844396496805798
Microglia (IBA1),Oligodendrocytes (OLIG2),116.0,1.0,1.0
