Test group,Reference group,Log2FoldChange,Stat,Pvalue,Padj
Neurons (NEUN),Oligodendrocytes (OLIG2),-0.7381828641237211,59.0,0.037073827552019024,0.11122148265605708
Astrocytes (GFAP),Oligodendrocytes (OLIG2),-1.2643149830792582,49.0,0.02588854110302942,0.11122148265605708
Microglia (IBA1),Astrocytes (GFAP),0.9331808855138992,256.0,0.06073504380803264,0.12147008761606529
Neurons (NEUN),Microglia (IBA1),-0.4070487665583622,149.5,0.11758531131337954,0.17637796697006933
Neurons (NEUN),Astrocytes (GFAP),0.526132118955537,203.0,0.5101844113711409,0.5101844113711409
Microglia (IBA1),Oligodendrocytes (OLIG2),-0.33113409756535894,97.0,0.4751235238172632,0.5101844113711409
