Test group,Reference group,Stat,Pvalue,Padj
Neurons (NEUN),Microglia (IBA1),154.0,0.14756577906727866,0.2314459613748006
Neurons (NEUN),Oligodendrocytes (OLIG2),145.0,0.1542973075832004,0.2314459613748006
Astrocytes (GFAP),Oligodendrocytes (OLIG2),134.0,0.1205252045720032,0.2314459613748006
Microglia (IBA1),Oligodendrocytes (OLIG2),167.0,0.04300510126946239,0.2314459613748006
Microglia (IBA1),Astrocytes (GFAP),233.0,0.21957835352670974,0.26349402423205165
Neurons (NEUN),Astrocytes (GFAP),168.0,0.7362290597285666,0.7362290597285666
