Test group,Reference group,Stat,Pvalue,Padj
Astrocytes (GFAP),Oligodendrocytes (OLIG2),149.0,0.026072271116010654,0.07821681334803196
Microglia (IBA1),Oligodendrocytes (OLIG2),174.0,0.021379942318855198,0.07821681334803196
Neurons (NEUN),Astrocytes (GFAP),118.0,0.07216634095370715,0.1443326819074143
Neurons (NEUN),Microglia (IBA1),146.0,0.09767956488243125,0.14651934732364688
Neurons (NEUN),Oligodendrocytes (OLIG2),131.0,0.39734865842255196,0.47681839010706234
Microglia (IBA1),Astrocytes (GFAP),183.0,0.8768585368632568,0.8768585368632568
