Test group,Reference group,Stat,Pvalue,Padj
Neurons (NEUN),Microglia (IBA1),0.0,4.6255005225400256e-08,2.775300313524016e-07
Neurons (NEUN),Astrocytes (GFAP),7.0,4.554522510284454e-07,1.3230990682856442e-06
Microglia (IBA1),Astrocytes (GFAP),366.0,6.615495341428221e-07,1.3230990682856442e-06
Neurons (NEUN),Oligodendrocytes (OLIG2),1.0,7.417107600463435e-06,8.90052912055612e-06
Microglia (IBA1),Oligodendrocytes (OLIG2),229.0,7.346794707216347e-06,8.90052912055612e-06
Astrocytes (GFAP),Oligodendrocytes (OLIG2),113.0,0.5439970047870248,0.5439970047870248
