Test group,Reference group,Stat,Pvalue,Padj
Neurons (NEUN),Microglia (IBA1),148.5,0.10903139550174105,0.3862635106319623
Neurons (NEUN),Oligodendrocytes (OLIG2),81.0,0.23666879586588652,0.3862635106319623
Microglia (IBA1),Astrocytes (GFAP),241.5,0.13364607131418313,0.3862635106319623
Astrocytes (GFAP),Oligodendrocytes (OLIG2),74.0,0.25750900708797486,0.3862635106319623
Neurons (NEUN),Astrocytes (GFAP),202.5,0.5093754845582373,0.6112505814698848
Microglia (IBA1),Oligodendrocytes (OLIG2),126.0,0.6900319058543435,0.6900319058543435
