Test group,Reference group,Stat,Pvalue,Padj
Neurons (NEUN),Oligodendrocytes (OLIG2),37.5,0.0025002228495313904,0.015001337097188342
Astrocytes (GFAP),Oligodendrocytes (OLIG2),50.5,0.025241013641340442,0.07572304092402134
Neurons (NEUN),Microglia (IBA1),138.0,0.0558654027341342,0.1117308054682684
Microglia (IBA1),Astrocytes (GFAP),243.0,0.1155860835662826,0.1733791253494239
Microglia (IBA1),Oligodendrocytes (OLIG2),84.0,0.21634094820114314,0.25960913784137174
Neurons (NEUN),Astrocytes (GFAP),186.5,0.849495395455462,0.849495395455462
