Test group,Reference group,Stat,Pvalue,Padj
Neurons (NEUN),Oligodendrocytes (OLIG2),203.0,0.00013401111106587242,0.0008040666663952345
Neurons (NEUN),Microglia (IBA1),337.0,0.0009685030240361983,0.0019370060480723966
Neurons (NEUN),Astrocytes (GFAP),294.0,0.0009001108358984473,0.0019370060480723966
Microglia (IBA1),Oligodendrocytes (OLIG2),145.0,0.24972177433407605,0.3745826615011141
Astrocytes (GFAP),Oligodendrocytes (OLIG2),113.0,0.5430018150181174,0.6516021780217408
Microglia (IBA1),Astrocytes (GFAP),204.5,0.6720405647711645,0.6720405647711645
