Test group,Reference group,Stat,Pvalue,Padj
Neurons (NEUN),Microglia (IBA1),378.0,4.159006324335055e-06,2.495403794601033e-05
Microglia (IBA1),Oligodendrocytes (OLIG2),14.0,1.3903814546055089e-05,4.171144363816527e-05
Microglia (IBA1),Astrocytes (GFAP),94.5,0.002498395552238587,0.004996791104477174
Neurons (NEUN),Astrocytes (GFAP),223.0,0.21100498520009248,0.3165074778001387
Astrocytes (GFAP),Oligodendrocytes (OLIG2),80.0,0.40236083791064237,0.4828330054927708
Neurons (NEUN),Oligodendrocytes (OLIG2),117.0,0.7884014648844208,0.7884014648844208
