Test group,Reference group,Stat,Pvalue,Padj
Microglia (IBA1),Astrocytes (GFAP),54.5,0.0001110575268863531,0.0006663451613181186
Neurons (NEUN),Microglia (IBA1),333.5,0.0009411823224415594,0.0018823646448831188
Microglia (IBA1),Oligodendrocytes (OLIG2),33.5,0.0008942970583509277,0.0018823646448831188
Neurons (NEUN),Astrocytes (GFAP),105.5,0.029748630199961674,0.04462294529994251
Astrocytes (GFAP),Oligodendrocytes (OLIG2),136.5,0.09589715924143652,0.11507659108972382
Neurons (NEUN),Oligodendrocytes (OLIG2),114.5,0.8683691730777559,0.8683691730777559
