Test group,Reference group,Stat,Pvalue,Padj
Neurons (NEUN),Microglia (IBA1),17.0,1.8951062905108857e-07,1.1370637743065315e-06
Microglia (IBA1),Astrocytes (GFAP),342.0,1.1999469207709636e-05,3.599840762312891e-05
Microglia (IBA1),Oligodendrocytes (OLIG2),202.5,0.0005922876875517598,0.0011845753751035196
Neurons (NEUN),Oligodendrocytes (OLIG2),46.0,0.002814005898962732,0.004221008848444098
Astrocytes (GFAP),Oligodendrocytes (OLIG2),68.0,0.13981629706837312,0.16777955648204773
Neurons (NEUN),Astrocytes (GFAP),149.0,0.24974029570167322,0.24974029570167322
