Test group,Reference group,Stat,Pvalue,Padj
Neurons (NEUN),Astrocytes (GFAP),275.0,0.00530320066103562,0.01060640132207124
Microglia (IBA1),Astrocytes (GFAP),294.0,0.0031110265236768517,0.01060640132207124
Microglia (IBA1),Oligodendrocytes (OLIG2),189.0,0.003762590711378113,0.01060640132207124
Neurons (NEUN),Oligodendrocytes (OLIG2),173.0,0.00972091065487682,0.014581365982315232
Neurons (NEUN),Microglia (IBA1),220.0,0.8042968579583288,0.8042968579583288
Astrocytes (GFAP),Oligodendrocytes (OLIG2),93.0,0.799349212793769,0.8042968579583288
