Test group,Reference group,Stat,Pvalue,Padj
Neurons (NEUN),Microglia (IBA1),50.0,2.2445552065129322e-06,1.3467331239077594e-05
Microglia (IBA1),Astrocytes (GFAP),293.5,0.0016354252217125117,0.004906275665137535
Microglia (IBA1),Oligodendrocytes (OLIG2),187.5,0.0035655338158412674,0.007131067631682535
Neurons (NEUN),Oligodendrocytes (OLIG2),70.0,0.005129359452944117,0.007694039179416176
Neurons (NEUN),Astrocytes (GFAP),150.0,0.06517626564193069,0.07821151877031682
Astrocytes (GFAP),Oligodendrocytes (OLIG2),85.5,0.4364620517317974,0.4364620517317974
