Test group,Reference group,Stat,Pvalue,Padj
Neurons (NEUN),Astrocytes (GFAP),338.0,2.00954774597216e-06,1.205728647583296e-05
Neurons (NEUN),Microglia (IBA1),377.0,1.0186034696351409e-05,3.055810408905423e-05
Neurons (NEUN),Oligodendrocytes (OLIG2),203.0,0.0001298774047050636,0.0002597548094101272
Astrocytes (GFAP),Oligodendrocytes (OLIG2),65.0,0.08440824818938021,0.12661237228407032
Microglia (IBA1),Astrocytes (GFAP),219.0,0.3219162306283322,0.35084911603732716
Microglia (IBA1),Oligodendrocytes (OLIG2),93.0,0.35084911603732716,0.35084911603732716
