Test group,Reference group,Stat,Pvalue,Padj
Neurons (NEUN),Microglia (IBA1),410.0,1.9547402961689748e-07,1.1728441777013849e-06
Neurons (NEUN),Oligodendrocytes (OLIG2),189.0,0.0011912702778282267,0.0033638134080716093
Microglia (IBA1),Astrocytes (GFAP),77.0,0.0016819067040358046,0.0033638134080716093
Neurons (NEUN),Astrocytes (GFAP),241.0,0.07693833020355408,0.11540749530533112
Microglia (IBA1),Oligodendrocytes (OLIG2),77.0,0.13159921224479323,0.1321408585583338
Astrocytes (GFAP),Oligodendrocytes (OLIG2),133.0,0.1321408585583338,0.1321408585583338
