Test group,Reference group,Stat,Pvalue,Padj
Neurons (NEUN),Microglia (IBA1),400.0,7.417700986926219e-07,4.450620592155732e-06
Neurons (NEUN),Astrocytes (GFAP),340.0,3.0775012646359978e-06,9.232503793907995e-06
Neurons (NEUN),Oligodendrocytes (OLIG2),203.0,0.00013401111106587242,0.0002339550027853217
Microglia (IBA1),Oligodendrocytes (OLIG2),20.0,0.00015597000185688112,0.0002339550027853217
Microglia (IBA1),Astrocytes (GFAP),118.0,0.045187207304132344,0.05422464876495881
Astrocytes (GFAP),Oligodendrocytes (OLIG2),68.0,0.169887791157614,0.169887791157614
