Test group,Reference group,Stat,Pvalue,Padj
Neurons (NEUN),Microglia (IBA1),420.0,4.6441605178992484e-08,2.7864963107395493e-07
Neurons (NEUN),Astrocytes (GFAP),360.0,1.5398434476269312e-07,4.6195303428807937e-07
Neurons (NEUN),Oligodendrocytes (OLIG2),220.0,6.159692461891886e-06,1.2319384923783772e-05
Microglia (IBA1),Astrocytes (GFAP),112.0,0.03111649549939899,0.03733979459927878
Microglia (IBA1),Oligodendrocytes (OLIG2),60.0,0.029081579550920934,0.03733979459927878
Astrocytes (GFAP),Oligodendrocytes (OLIG2),89.0,0.6693842468987063,0.6693842468987063
