Test group,Reference group,Stat,Pvalue,Padj
Neurons (NEUN),Microglia (IBA1),418.0,3.340802781079558e-08,2.004481668647735e-07
Neurons (NEUN),Oligodendrocytes (OLIG2),202.0,0.00015805303306987164,0.00047415909920961495
Neurons (NEUN),Astrocytes (GFAP),294.0,0.000857427307364673,0.001714854614729346
Microglia (IBA1),Oligodendrocytes (OLIG2),41.0,0.0017005680542571343,0.0025508520813857017
Microglia (IBA1),Astrocytes (GFAP),118.0,0.028358331616608782,0.034029997939930536
Astrocytes (GFAP),Oligodendrocytes (OLIG2),90.0,0.696496034936426,0.696496034936426
