Test group,Reference group,Stat,Pvalue,Padj
Microglia (IBA1),Astrocytes (GFAP),284.0,0.007700330304374169,0.026411814514159027
Microglia (IBA1),Oligodendrocytes (OLIG2),182.0,0.008803938171386342,0.026411814514159027
Neurons (NEUN),Microglia (IBA1),116.5,0.015126567151155366,0.030253134302310733
Neurons (NEUN),Astrocytes (GFAP),180.0,1.0,1.0
Neurons (NEUN),Oligodendrocytes (OLIG2),113.0,0.9173256848391969,1.0
Astrocytes (GFAP),Oligodendrocytes (OLIG2),100.0,0.9819926142765739,1.0
