Test group,Reference group,Stat,Pvalue,Padj
Neurons (NEUN),Microglia (IBA1),367.5,4.191487199264237e-05,0.00025148923195585424
Microglia (IBA1),Oligodendrocytes (OLIG2),23.0,0.00026068370976529975,0.0007820511292958993
Microglia (IBA1),Astrocytes (GFAP),82.5,0.0027759677514056676,0.005551935502811335
Neurons (NEUN),Oligodendrocytes (OLIG2),124.0,0.5772795039704861,0.7260689686396886
Astrocytes (GFAP),Oligodendrocytes (OLIG2),111.0,0.6050574738664072,0.7260689686396886
Neurons (NEUN),Astrocytes (GFAP),172.5,0.8377604788362254,0.8377604788362254
