Test group,Reference group,Stat,Pvalue,Padj
Microglia (IBA1),Astrocytes (GFAP),358.0,5.781185266620677e-07,3.4687111599724064e-06
Neurons (NEUN),Microglia (IBA1),57.0,5.297295267541871e-05,0.00015891885802625614
Microglia (IBA1),Oligodendrocytes (OLIG2),210.0,0.00017087510211716755,0.0003417502042343351
Neurons (NEUN),Astrocytes (GFAP),244.0,0.0204618682632077,0.03069280239481155
Astrocytes (GFAP),Oligodendrocytes (OLIG2),62.0,0.02889661460891399,0.03467593753069679
Neurons (NEUN),Oligodendrocytes (OLIG2),111.0,0.9819819243107458,0.9819819243107458
