Test group,Reference group,Stat,Pvalue,Padj
Neurons (NEUN),Astrocytes (GFAP),63.0,0.0006594424228646455,0.003956654537187874
Microglia (IBA1),Astrocytes (GFAP),88.5,0.004842573321751625,0.010638513320591816
Astrocytes (GFAP),Oligodendrocytes (OLIG2),161.5,0.005319256660295908,0.010638513320591816
Neurons (NEUN),Microglia (IBA1),194.0,0.6860131458138926,0.7660106698647225
Neurons (NEUN),Oligodendrocytes (OLIG2),119.0,0.725639213663243,0.7660106698647225
Microglia (IBA1),Oligodendrocytes (OLIG2),123.5,0.7660106698647225,0.7660106698647225
