Test group,Reference group,Stat,Pvalue,Padj
Microglia (IBA1),Astrocytes (GFAP),264.0,0.03583455843269449,0.21500735059616694
Neurons (NEUN),Microglia (IBA1),143.0,0.0828374251588063,0.24851227547641888
Microglia (IBA1),Oligodendrocytes (OLIG2),149.0,0.19038963348338966,0.38077926696677933
Astrocytes (GFAP),Oligodendrocytes (OLIG2),77.0,0.3338079676177429,0.5007119514266144
Neurons (NEUN),Astrocytes (GFAP),204.0,0.4920645913684578,0.5904775096421494
Neurons (NEUN),Oligodendrocytes (OLIG2),101.0,0.7255329900277758,0.7255329900277758
