Test group,Reference group,Stat,Pvalue,Padj
Neurons (NEUN),Oligodendrocytes (OLIG2),1.0,7.464375443351644e-06,2.2393126330054935e-05
Microglia (IBA1),Oligodendrocytes (OLIG2),0.0,5.049087762292758e-06,2.2393126330054935e-05
Microglia (IBA1),Astrocytes (GFAP),41.0,3.248016858707285e-05,6.49603371741457e-05
Astrocytes (GFAP),Oligodendrocytes (OLIG2),15.0,0.0001746988510489101,0.00026204827657336514
Neurons (NEUN),Astrocytes (GFAP),58.0,0.0003819092016067978,0.00045829104192815734
Neurons (NEUN),Microglia (IBA1),241.0,0.42624105717617145,0.42624105717617145
