Test group,Reference group,Stat,Pvalue,Padj
Microglia (IBA1),Astrocytes (GFAP),378.0,1.0939335392500127e-07,6.563601235500077e-07
Neurons (NEUN),Microglia (IBA1),12.0,2.5882465443860396e-07,7.764739633158119e-07
Microglia (IBA1),Oligodendrocytes (OLIG2),231.0,5.049087762292758e-06,1.0098175524585516e-05
Neurons (NEUN),Astrocytes (GFAP),282.5,0.0028622197277160736,0.004293329591574111
Neurons (NEUN),Oligodendrocytes (OLIG2),165.0,0.024442934779232994,0.02933152173507959
Astrocytes (GFAP),Oligodendrocytes (OLIG2),83.0,0.486007339888778,0.486007339888778
