Test group,Reference group,Stat,Pvalue,Padj
Neurons (NEUN),Astrocytes (GFAP),66.0,0.0009059866625943548,0.00543591997556613
Astrocytes (GFAP),Oligodendrocytes (OLIG2),164.5,0.003479114896656637,0.010437344689969912
Microglia (IBA1),Astrocytes (GFAP),99.5,0.01216168468769368,0.02432336937538736
Microglia (IBA1),Oligodendrocytes (OLIG2),144.5,0.2581102027344313,0.38716530410164696
Neurons (NEUN),Microglia (IBA1),173.0,0.34110004052842136,0.4093200486341056
Neurons (NEUN),Oligodendrocytes (OLIG2),118.0,0.756830126553702,0.756830126553702
