Test group,Reference group,Stat,Pvalue,Padj
Microglia (IBA1),Astrocytes (GFAP),255.0,0.06500067764481925,0.2869065900075074
Microglia (IBA1),Oligodendrocytes (OLIG2),158.0,0.09563553000250245,0.2869065900075074
Neurons (NEUN),Astrocytes (GFAP),226.0,0.18345084835565162,0.36690169671130324
Neurons (NEUN),Oligodendrocytes (OLIG2),133.0,0.3529211266525405,0.4569361317125333
Astrocytes (GFAP),Oligodendrocytes (OLIG2),79.0,0.3807801097604444,0.4569361317125333
Neurons (NEUN),Microglia (IBA1),181.0,0.45727721800700283,0.45727721800700283
