Test group,Reference group,Stat,Pvalue,Padj
Microglia (IBA1),Astrocytes (GFAP),70.0,0.0008427469659273406,0.0039303506967835
Microglia (IBA1),Oligodendrocytes (OLIG2),34.0,0.0013101168989278333,0.0039303506967835
Neurons (NEUN),Astrocytes (GFAP),97.0,0.015869217699736333,0.031738435399472666
Neurons (NEUN),Oligodendrocytes (OLIG2),57.5,0.03178565608771165,0.04767848413156748
Neurons (NEUN),Microglia (IBA1),276.0,0.08756720226754519,0.10508064272105422
Astrocytes (GFAP),Oligodendrocytes (OLIG2),95.0,0.8749979379042403,0.8749979379042403
