Test group,Reference group,Stat,Pvalue,Padj
Neurons (NEUN),Microglia (IBA1),55.0,8.994153509409969e-06,5.3964921056459814e-05
Microglia (IBA1),Astrocytes (GFAP),324.0,3.721369560239666e-05,0.00011164108680718997
Microglia (IBA1),Oligodendrocytes (OLIG2),196.0,0.0010177649852149524,0.0020355299704299047
Neurons (NEUN),Oligodendrocytes (OLIG2),88.0,0.16580717556990798,0.24871076335486197
Astrocytes (GFAP),Oligodendrocytes (OLIG2),85.0,0.35674236776236645,0.4280908413148397
Neurons (NEUN),Astrocytes (GFAP),176.0,0.8476943264655259,0.8476943264655259
