Test group,Reference group,Stat,Pvalue,Padj
Neurons (NEUN),Microglia (IBA1),30.0,1.776168568221333e-06,5.3285057046639995e-06
Neurons (NEUN),Astrocytes (GFAP),15.0,9.204063701131268e-07,5.3285057046639995e-06
Astrocytes (GFAP),Oligodendrocytes (OLIG2),162.0,0.004945675890337502,0.009891351780675003
Neurons (NEUN),Oligodendrocytes (OLIG2),52.0,0.012740087805226537,0.015288105366271844
Microglia (IBA1),Oligodendrocytes (OLIG2),179.0,0.012353558912267696,0.015288105366271844
Microglia (IBA1),Astrocytes (GFAP),211.0,0.5446365919064065,0.5446365919064065
