Test group,Reference group,Stat,Pvalue,Padj
Neurons (NEUN),Astrocytes (GFAP),219.5,0.2278574518578227,0.6835723555734681
Neurons (NEUN),Oligodendrocytes (OLIG2),143.5,0.1604655765138273,0.6835723555734681
Neurons (NEUN),Microglia (IBA1),238.0,0.4567604254409994,0.7354833317294327
Microglia (IBA1),Astrocytes (GFAP),206.0,0.612902776441194,0.7354833317294327
Microglia (IBA1),Oligodendrocytes (OLIG2),132.0,0.5027699439224806,0.7354833317294327
Astrocytes (GFAP),Oligodendrocytes (OLIG2),102.5,0.882514336661186,0.882514336661186
