Test group,Reference group,Stat,Pvalue,Padj
Neurons (NEUN),Microglia (IBA1),0.0,4.6255005225400256e-08,2.775300313524016e-07
Neurons (NEUN),Astrocytes (GFAP),18.5,2.483796617160759e-06,7.451389851482277e-06
Neurons (NEUN),Oligodendrocytes (OLIG2),0.0,6.106830817071379e-06,1.2213661634142757e-05
Astrocytes (GFAP),Oligodendrocytes (OLIG2),35.0,0.004315721134808392,0.0064735817022125875
Microglia (IBA1),Astrocytes (GFAP),285.0,0.007136477112971335,0.008563772535565601
Microglia (IBA1),Oligodendrocytes (OLIG2),94.0,0.4047344344781626,0.4047344344781626
