Test group,Reference group,Stat,Pvalue,Padj
Neurons (NEUN),Microglia (IBA1),368.0,1.5016132452462692e-05,9.009679471477616e-05
Neurons (NEUN),Astrocytes (GFAP),284.5,0.0015759919547348722,0.004727975864204617
Neurons (NEUN),Oligodendrocytes (OLIG2),180.0,0.0039051516264589936,0.007810303252917987
Microglia (IBA1),Oligodendrocytes (OLIG2),67.0,0.02852520425954211,0.04278780638931316
Astrocytes (GFAP),Oligodendrocytes (OLIG2),76.0,0.2579017447928913,0.30948209375146957
Microglia (IBA1),Astrocytes (GFAP),174.0,0.5945664026592669,0.5945664026592669
