Test group,Reference group,Stat,Pvalue,Padj
Neurons (NEUN),Microglia (IBA1),294.0,0.02174651504804149,0.09669408437529026
Microglia (IBA1),Oligodendrocytes (OLIG2),64.5,0.032231361458430086,0.09669408437529026
Microglia (IBA1),Astrocytes (GFAP),139.5,0.12757826652488577,0.25515653304977154
Neurons (NEUN),Astrocytes (GFAP),183.0,0.9398678956140246,0.9398678956140246
Neurons (NEUN),Oligodendrocytes (OLIG2),101.0,0.7223978427664218,0.9398678956140246
Astrocytes (GFAP),Oligodendrocytes (OLIG2),94.5,0.8520726710150766,0.9398678956140246
