Test group,Reference group,Stat,Pvalue,Padj
Neurons (NEUN),Astrocytes (GFAP),49.5,0.00011269921127056489,0.0006761952676233894
Astrocytes (GFAP),Oligodendrocytes (OLIG2),172.0,0.0010881328779649094,0.0032643986338947283
Microglia (IBA1),Astrocytes (GFAP),83.0,0.0028769857019861757,0.005753971403972351
Neurons (NEUN),Microglia (IBA1),163.0,0.20826132230427774,0.3123919834564166
Neurons (NEUN),Oligodendrocytes (OLIG2),95.0,0.5250343956392219,0.6300412747670663
Microglia (IBA1),Oligodendrocytes (OLIG2),124.0,0.747211016360418,0.747211016360418
