Test group,Reference group,Stat,Pvalue,Padj
Neurons (NEUN),Microglia (IBA1),2.0,6.231754967100323e-08,3.739052980260194e-07
Neurons (NEUN),Astrocytes (GFAP),20.0,3.115946769233366e-06,9.347840307700098e-06
Neurons (NEUN),Oligodendrocytes (OLIG2),12.0,5.6878846223886774e-05,0.00011375769244777355
Microglia (IBA1),Astrocytes (GFAP),311.0,0.0006196262532207218,0.0009294393798310827
Microglia (IBA1),Oligodendrocytes (OLIG2),196.0,0.0015031308200335158,0.0018037569840402188
Astrocytes (GFAP),Oligodendrocytes (OLIG2),96.0,0.9105327022292903,0.9105327022292903
