Test group,Reference group,Stat,Pvalue,Padj
Neurons (NEUN),Microglia (IBA1),86.0,0.0011764412759538469,0.00593772876953879
Neurons (NEUN),Oligodendrocytes (OLIG2),35.0,0.0019792429231795966,0.00593772876953879
Microglia (IBA1),Astrocytes (GFAP),269.0,0.024234877776258736,0.04846975555251747
Neurons (NEUN),Astrocytes (GFAP),128.0,0.12749066450602528,0.16964369421619524
Microglia (IBA1),Oligodendrocytes (OLIG2),153.0,0.1413697451801627,0.16964369421619524
Astrocytes (GFAP),Oligodendrocytes (OLIG2),77.5,0.3431423087528679,0.3431423087528679
