Test group,Reference group,Stat,Pvalue,Padj
Neurons (NEUN),Astrocytes (GFAP),75.0,0.002048951373763545,0.012293708242581271
Microglia (IBA1),Astrocytes (GFAP),98.0,0.009380866089633285,0.028142598268899855
Astrocytes (GFAP),Oligodendrocytes (OLIG2),153.0,0.016057190171601354,0.03211438034320271
Neurons (NEUN),Oligodendrocytes (OLIG2),96.0,0.5708015138210133,0.7120887041313458
Microglia (IBA1),Oligodendrocytes (OLIG2),102.0,0.5934072534427882,0.7120887041313458
Neurons (NEUN),Microglia (IBA1),214.0,0.9233714095336895,0.9233714095336895
