Test group,Reference group,Stat,Pvalue,Padj
Neurons (NEUN),Astrocytes (GFAP),204.5,0.47165232964167536,0.7074784944625131
Neurons (NEUN),Oligodendrocytes (OLIG2),87.5,0.36202311836026224,0.7074784944625131
Astrocytes (GFAP),Oligodendrocytes (OLIG2),69.5,0.18326300526905792,0.7074784944625131
Microglia (IBA1),Oligodendrocytes (OLIG2),88.5,0.2893257627093554,0.7074784944625131
Microglia (IBA1),Astrocytes (GFAP),202.5,0.7042965836884905,0.8451559004261885
Neurons (NEUN),Microglia (IBA1),217.5,0.8533138977926966,0.8533138977926966
