Test group,Reference group,Stat,Pvalue,Padj
Neurons (NEUN),Microglia (IBA1),390.5,1.2963873248176985e-06,7.778323948906192e-06
Neurons (NEUN),Astrocytes (GFAP),303.0,0.00028871512220830927,0.0008661453666249278
Neurons (NEUN),Oligodendrocytes (OLIG2),191.5,0.0008152819387179512,0.0016305638774359024
Microglia (IBA1),Oligodendrocytes (OLIG2),73.5,0.06942229972387338,0.10413344958581008
Microglia (IBA1),Astrocytes (GFAP),153.0,0.24398648574530934,0.2927837828943712
Astrocytes (GFAP),Oligodendrocytes (OLIG2),86.0,0.5559621108328769,0.5559621108328769
