Test group,Reference group,Stat,Pvalue,Padj
Neurons (NEUN),Oligodendrocytes (OLIG2),18.0,0.00015829487114574667,0.00048451583637053254
Microglia (IBA1),Oligodendrocytes (OLIG2),20.0,0.00016150527879017751,0.00048451583637053254
Microglia (IBA1),Astrocytes (GFAP),104.0,0.017175417346101646,0.03435083469220329
Neurons (NEUN),Astrocytes (GFAP),104.5,0.028324313481589872,0.03511670324018399
Astrocytes (GFAP),Oligodendrocytes (OLIG2),50.0,0.029263919366819994,0.03511670324018399
Neurons (NEUN),Microglia (IBA1),236.0,0.5056209128991467,0.5056209128991467
