Test group,Reference group,Stat,Pvalue,Padj
Neurons (NEUN),Microglia (IBA1),418.0,3.7997080208641816e-08,2.279824812518509e-07
Neurons (NEUN),Astrocytes (GFAP),324.0,2.698085752484584e-05,8.094257257453752e-05
Neurons (NEUN),Oligodendrocytes (OLIG2),202.0,0.00015829487114574667,0.00031658974229149334
Microglia (IBA1),Oligodendrocytes (OLIG2),28.5,0.0003374689948961435,0.0005062034923442153
Microglia (IBA1),Astrocytes (GFAP),73.0,0.0006809063424854531,0.0008170876109825436
Astrocytes (GFAP),Oligodendrocytes (OLIG2),98.0,0.9820260692510469,0.9820260692510469
