Test group,Reference group,Stat,Pvalue,Padj
Neurons (NEUN),Microglia (IBA1),37.0,2.1299677800161897e-06,1.2779806680097138e-05
Neurons (NEUN),Oligodendrocytes (OLIG2),15.0,1.968630923502312e-05,5.905892770506936e-05
Neurons (NEUN),Astrocytes (GFAP),108.0,0.013466287175879648,0.026932574351759296
Microglia (IBA1),Astrocytes (GFAP),266.5,0.02771305939513322,0.04156958909269983
Microglia (IBA1),Oligodendrocytes (OLIG2),165.5,0.04932595809563708,0.05919114971476449
Astrocytes (GFAP),Oligodendrocytes (OLIG2),88.5,0.6463146076355858,0.6463146076355858
