Test group,Reference group,Stat,Pvalue,Padj
Neurons (NEUN),Microglia (IBA1),230.0,0.5977078046654465,0.9665914797668367
Neurons (NEUN),Astrocytes (GFAP),214.0,0.30868472409843983,0.9665914797668367
Neurons (NEUN),Oligodendrocytes (OLIG2),116.0,0.8173554850703232,0.9665914797668367
Microglia (IBA1),Astrocytes (GFAP),204.0,0.6566023963395844,0.9665914797668367
Microglia (IBA1),Oligodendrocytes (OLIG2),117.0,0.9665914797668367,0.9665914797668367
Astrocytes (GFAP),Oligodendrocytes (OLIG2),88.0,0.6164852944559163,0.9665914797668367
