Test group,Reference group,Stat,Pvalue,Padj
Neurons (NEUN),Microglia (IBA1),53.0,1.7005257104741276e-05,0.00010203154262844765
Neurons (NEUN),Oligodendrocytes (OLIG2),25.0,0.00013522946824723914,0.00040568840474171743
Microglia (IBA1),Astrocytes (GFAP),271.0,0.01873461303902855,0.0374692260780571
Neurons (NEUN),Astrocytes (GFAP),125.0,0.05961407658410234,0.0894211148761535
Microglia (IBA1),Oligodendrocytes (OLIG2),154.0,0.13039489085061626,0.1564738690207395
Astrocytes (GFAP),Oligodendrocytes (OLIG2),78.0,0.3392330034886806,0.3392330034886806
