Test group,Reference group,Stat,Pvalue,Padj
Neurons (NEUN),Astrocytes (GFAP),289.0,0.0015137919126177813,0.009082751475706688
Microglia (IBA1),Astrocytes (GFAP),285.0,0.0071248339933621795,0.02137450198008654
Astrocytes (GFAP),Oligodendrocytes (OLIG2),48.0,0.023219344015853127,0.046438688031706254
Neurons (NEUN),Oligodendrocytes (OLIG2),137.0,0.27391869091092214,0.4108780363663832
Neurons (NEUN),Microglia (IBA1),245.5,0.3611011973055299,0.43332143676663587
Microglia (IBA1),Oligodendrocytes (OLIG2),129.0,0.6058705316543603,0.6058705316543603
