Test group,Reference group,Stat,Pvalue,Padj
Neurons (NEUN),Astrocytes (GFAP),335.0,6.276668955151854e-06,3.7660013730911124e-05
Neurons (NEUN),Microglia (IBA1),364.0,6.238816739435302e-05,0.00018716450218305905
Neurons (NEUN),Oligodendrocytes (OLIG2),200.5,0.0002022996573959236,0.0004045993147918472
Microglia (IBA1),Astrocytes (GFAP),273.0,0.01865541240591885,0.027983118608878275
Microglia (IBA1),Oligodendrocytes (OLIG2),137.0,0.4047344344781626,0.4047344344781626
Astrocytes (GFAP),Oligodendrocytes (OLIG2),78.0,0.3568382475534896,0.4047344344781626
