Test group,Reference group,Stat,Pvalue,Padj
Neurons (NEUN),Microglia (IBA1),56.5,8.099285140641916e-06,3.4861858284769804e-05
Microglia (IBA1),Astrocytes (GFAP),330.5,1.1620619428256601e-05,3.4861858284769804e-05
Microglia (IBA1),Oligodendrocytes (OLIG2),196.0,0.0010177649852149524,0.0020355299704299047
Neurons (NEUN),Oligodendrocytes (OLIG2),87.0,0.11087990326457521,0.14929345768473679
Astrocytes (GFAP),Oligodendrocytes (OLIG2),78.0,0.12441121473728066,0.14929345768473679
Neurons (NEUN),Astrocytes (GFAP),179.5,1.0,1.0
