Test group,Reference group,Stat,Pvalue,Padj
Neurons (NEUN),Microglia (IBA1),324.0,0.0027185704867821836,0.016311422920693104
Neurons (NEUN),Oligodendrocytes (OLIG2),172.0,0.010951820262932095,0.03285546078879629
Neurons (NEUN),Astrocytes (GFAP),233.0,0.12233935026279005,0.2446787005255801
Microglia (IBA1),Astrocytes (GFAP),149.0,0.2453178283592401,0.36797674253886015
Astrocytes (GFAP),Oligodendrocytes (OLIG2),117.5,0.40880501523781654,0.4905660182853798
Microglia (IBA1),Oligodendrocytes (OLIG2),106.0,0.7116607677371964,0.7116607677371964
