Test group,Reference group,Stat,Pvalue,Padj
Neurons (NEUN),Microglia (IBA1),285.0,0.04633689652017492,0.27223370489385873
Microglia (IBA1),Oligodendrocytes (OLIG2),73.5,0.09074456829795291,0.27223370489385873
Microglia (IBA1),Astrocytes (GFAP),153.0,0.28763480062223123,0.5752696012444625
Neurons (NEUN),Astrocytes (GFAP),189.0,0.8006686693846955,0.8523166688253563
Neurons (NEUN),Oligodendrocytes (OLIG2),115.0,0.8523166688253563,0.8523166688253563
Astrocytes (GFAP),Oligodendrocytes (OLIG2),94.0,0.8373244960440841,0.8523166688253563
