Test group,Reference group,Stat,Pvalue,Padj
Neurons (NEUN),Microglia (IBA1),351.0,5.397606390031899e-05,0.000323856383401914
Neurons (NEUN),Astrocytes (GFAP),300.0,0.00012746828177846647,0.0003824048453353994
Microglia (IBA1),Oligodendrocytes (OLIG2),45.0,0.0010445431546289032,0.0020890863092578064
Astrocytes (GFAP),Oligodendrocytes (OLIG2),40.0,0.0019322624854520342,0.0028983937281780513
Neurons (NEUN),Oligodendrocytes (OLIG2),140.5,0.21158923691767906,0.25390708430121484
Microglia (IBA1),Astrocytes (GFAP),192.0,0.9035143492445908,0.9035143492445908
