Test group,Reference group,Stat,Pvalue,Padj
Neurons (NEUN),Oligodendrocytes (OLIG2),40.0,0.004112684996258995,0.02467610997755397
Microglia (IBA1),Oligodendrocytes (OLIG2),74.0,0.10316387704682152,0.3094916311404646
Microglia (IBA1),Astrocytes (GFAP),165.0,0.5067404057462881,0.6527368783094951
Neurons (NEUN),Astrocytes (GFAP),150.0,0.3883413781236791,0.6527368783094951
Astrocytes (GFAP),Oligodendrocytes (OLIG2),85.0,0.543947398591246,0.6527368783094951
Neurons (NEUN),Microglia (IBA1),202.5,0.8549132532009726,0.8549132532009726
