Test group,Reference group,Stat,Pvalue,Padj
Neurons (NEUN),Oligodendrocytes (OLIG2),23.0,4.7135924832208715e-05,0.0002162061274607793
Microglia (IBA1),Oligodendrocytes (OLIG2),28.0,7.20687091535931e-05,0.0002162061274607793
Microglia (IBA1),Astrocytes (GFAP),100.0,0.002962685291478222,0.004444027937217333
Neurons (NEUN),Astrocytes (GFAP),92.0,0.0024930142949996684,0.004444027937217333
Astrocytes (GFAP),Oligodendrocytes (OLIG2),83.0,0.47691298791295667,0.5722955854955479
Neurons (NEUN),Microglia (IBA1),207.0,0.9155433116632531,0.9155433116632531
