Test group,Reference group,Stat,Pvalue,Padj
Neurons (NEUN),Microglia (IBA1),339.0,0.0003159950535719253,0.0013166205403371163
Neurons (NEUN),Astrocytes (GFAP),293.0,0.00043887351344570544,0.0013166205403371163
Astrocytes (GFAP),Oligodendrocytes (OLIG2),36.0,0.0020783315647379193,0.003117497347106879
Microglia (IBA1),Oligodendrocytes (OLIG2),44.0,0.0018943634055537746,0.003117497347106879
Neurons (NEUN),Oligodendrocytes (OLIG2),144.0,0.16423749173132385,0.19708499007758862
Microglia (IBA1),Astrocytes (GFAP),188.0,0.9847775672955834,0.9847775672955834
