Test group,Reference group,Stat,Pvalue,Padj
Neurons (NEUN),Microglia (IBA1),375.0,1.7827661095222033e-05,0.0001069659665713322
Neurons (NEUN),Astrocytes (GFAP),315.0,8.269476387418148e-05,0.00024808429162254445
Neurons (NEUN),Oligodendrocytes (OLIG2),180.0,0.004112684996258995,0.00822536999251799
Astrocytes (GFAP),Oligodendrocytes (OLIG2),52.0,0.03638503257476874,0.05457754886215311
Microglia (IBA1),Oligodendrocytes (OLIG2),77.0,0.1316345923820011,0.1579615108584013
Microglia (IBA1),Astrocytes (GFAP),237.0,0.18062321362699696,0.18062321362699696
