Test group,Reference group,Stat,Pvalue,Padj
Neurons (NEUN),Astrocytes (GFAP),97.5,0.014862721704795846,0.08917633022877508
Astrocytes (GFAP),Oligodendrocytes (OLIG2),136.0,0.09584321657131045,0.28752964971393136
Microglia (IBA1),Astrocytes (GFAP),141.0,0.1759556653407206,0.3266371414938966
Neurons (NEUN),Microglia (IBA1),163.0,0.2177580943292644,0.3266371414938966
Microglia (IBA1),Oligodendrocytes (OLIG2),131.0,0.5456121769096586,0.6547346122915902
Neurons (NEUN),Oligodendrocytes (OLIG2),102.0,0.7514329737385519,0.7514329737385519
