Test group,Reference group,Stat,Pvalue,Padj
Microglia (IBA1),Astrocytes (GFAP),348.5,1.4711021886923343e-06,8.826613132154006e-06
Neurons (NEUN),Astrocytes (GFAP),303.0,4.931094639908022e-05,0.00014793283919724068
Microglia (IBA1),Oligodendrocytes (OLIG2),189.0,0.0034034654444807296,0.006806930888961459
Astrocytes (GFAP),Oligodendrocytes (OLIG2),58.0,0.01015363043570254,0.01523044565355381
Neurons (NEUN),Microglia (IBA1),127.0,0.030533312088635533,0.03663997450636264
Neurons (NEUN),Oligodendrocytes (OLIG2),147.0,0.12057508435761181,0.12057508435761181
