Test group,Reference group,Stat,Pvalue,Padj
Neurons (NEUN),Oligodendrocytes (OLIG2),172.0,0.01083102120800301,0.06498612724801807
Neurons (NEUN),Microglia (IBA1),284.0,0.054344406582328544,0.16303321974698565
Astrocytes (GFAP),Oligodendrocytes (OLIG2),135.0,0.10529186514922896,0.21058373029845792
Microglia (IBA1),Astrocytes (GFAP),157.0,0.3694734101290137,0.504431488268711
Microglia (IBA1),Oligodendrocytes (OLIG2),136.0,0.42035957355725917,0.504431488268711
Neurons (NEUN),Astrocytes (GFAP),202.0,0.5283721368610765,0.5283721368610765
