Test group,Reference group,Stat,Pvalue,Padj
Neurons (NEUN),Microglia (IBA1),324.5,0.0029023637556867803,0.005804727511373561
Neurons (NEUN),Astrocytes (GFAP),290.0,0.0012708240747737404,0.005804727511373561
Neurons (NEUN),Oligodendrocytes (OLIG2),185.5,0.0019563977045253663,0.005804727511373561
Microglia (IBA1),Astrocytes (GFAP),224.0,0.32200711754323996,0.4445682195360749
Microglia (IBA1),Oligodendrocytes (OLIG2),138.5,0.3704735162800624,0.4445682195360749
Astrocytes (GFAP),Oligodendrocytes (OLIG2),88.0,0.6318867673340881,0.6318867673340881
