Test group,Reference group,Stat,Pvalue,Padj
Neurons (NEUN),Microglia (IBA1),34.0,4.708004841476262e-06,2.8248029048857572e-05
Microglia (IBA1),Astrocytes (GFAP),323.0,0.00016927844756723775,0.0005078353427017132
Microglia (IBA1),Oligodendrocytes (OLIG2),174.0,0.021379942318855198,0.042759884637710396
Neurons (NEUN),Oligodendrocytes (OLIG2),68.0,0.08664359836934778,0.12996539755402167
Neurons (NEUN),Astrocytes (GFAP),151.5,0.41299624773856525,0.41299624773856525
Astrocytes (GFAP),Oligodendrocytes (OLIG2),78.5,0.36862929034453173,0.41299624773856525
