Test group,Reference group,Stat,Pvalue,Padj
Neurons (NEUN),Microglia (IBA1),46.0,4.586533198855331e-06,2.7519199193131985e-05
Microglia (IBA1),Astrocytes (GFAP),324.0,6.612612136226084e-05,0.00019837836408678254
Microglia (IBA1),Oligodendrocytes (OLIG2),188.0,0.003339549696017513,0.006679099392035026
Neurons (NEUN),Oligodendrocytes (OLIG2),93.0,0.32335750705953936,0.48503626058930904
Neurons (NEUN),Astrocytes (GFAP),162.0,0.44929796260322286,0.5391575551238674
Astrocytes (GFAP),Oligodendrocytes (OLIG2),91.0,0.6534671230373347,0.6534671230373347
