Test group,Reference group,Stat,Pvalue,Padj
Neurons (NEUN),Oligodendrocytes (OLIG2),22.0,0.0002800309564140895,0.0008400928692422685
Microglia (IBA1),Oligodendrocytes (OLIG2),23.0,0.00019447622099636619,0.0008400928692422685
Microglia (IBA1),Astrocytes (GFAP),89.0,0.0039007332878832073,0.005851099931824811
Neurons (NEUN),Astrocytes (GFAP),80.0,0.003234071569886229,0.005851099931824811
Neurons (NEUN),Microglia (IBA1),243.5,0.3683830536911161,0.4420596644293393
Astrocytes (GFAP),Oligodendrocytes (OLIG2),115.0,0.485469450417666,0.485469450417666
