Test group,Reference group,Stat,Pvalue,Padj
Neurons (NEUN),Microglia (IBA1),350.0,0.00019104723687896877,0.0011462834212738126
Neurons (NEUN),Astrocytes (GFAP),259.0,0.019176388790113796,0.038838431283511214
Neurons (NEUN),Oligodendrocytes (OLIG2),167.0,0.019419215641755607,0.038838431283511214
Microglia (IBA1),Oligodendrocytes (OLIG2),66.0,0.042291735808651615,0.06343760371297742
Microglia (IBA1),Astrocytes (GFAP),161.0,0.3924681741285666,0.4709618089542799
Astrocytes (GFAP),Oligodendrocytes (OLIG2),85.0,0.5291189943526455,0.5291189943526455
