Test group,Reference group,Stat,Pvalue,Padj
Neurons (NEUN),Astrocytes (GFAP),234.0,0.08629611564326554,0.22615715466739827
Neurons (NEUN),Oligodendrocytes (OLIG2),144.0,0.15077143644493218,0.22615715466739827
Microglia (IBA1),Astrocytes (GFAP),253.0,0.048311420188186356,0.22615715466739827
Microglia (IBA1),Oligodendrocytes (OLIG2),153.0,0.12519238591156825,0.22615715466739827
Neurons (NEUN),Microglia (IBA1),188.0,0.5653167509574599,0.5653167509574599
Astrocytes (GFAP),Oligodendrocytes (OLIG2),86.0,0.4932458425500187,0.5653167509574599
