Test group,Reference group,Stat,Pvalue,Padj
Neurons (NEUN),Microglia (IBA1),0.0,4.436475953124576e-08,2.661885571874746e-07
Microglia (IBA1),Astrocytes (GFAP),378.0,1.0923213834784281e-07,3.2769641504352846e-07
Microglia (IBA1),Oligodendrocytes (OLIG2),231.0,5.049087762292758e-06,1.0098175524585516e-05
Neurons (NEUN),Oligodendrocytes (OLIG2),17.0,0.000126840392040341,0.0001902605880605115
Neurons (NEUN),Astrocytes (GFAP),51.0,0.00016057567933106212,0.00019269081519727454
Astrocytes (GFAP),Oligodendrocytes (OLIG2),93.0,0.8047247609743855,0.8047247609743855
