Test group,Reference group,Stat,Pvalue,Padj
Neurons (NEUN),Oligodendrocytes (OLIG2),33.0,0.001586432753544007,0.009518596521264043
Neurons (NEUN),Microglia (IBA1),138.0,0.062154794619683144,0.18646438385904945
Astrocytes (GFAP),Oligodendrocytes (OLIG2),70.0,0.19964619438229525,0.3992923887645905
Neurons (NEUN),Astrocytes (GFAP),157.0,0.5102076063891363,0.5102076063891363
Microglia (IBA1),Astrocytes (GFAP),221.0,0.37400953497127076,0.5102076063891363
Microglia (IBA1),Oligodendrocytes (OLIG2),96.0,0.4509016356058393,0.5102076063891363
