Test group,Reference group,Stat,Pvalue,Padj
Neurons (NEUN),Microglia (IBA1),399.0,7.338697365112235e-07,4.403218419067341e-06
Neurons (NEUN),Astrocytes (GFAP),335.0,5.446812662659723e-06,1.634043798797917e-05
Neurons (NEUN),Oligodendrocytes (OLIG2),210.0,3.99150122916534e-05,7.98300245833068e-05
Microglia (IBA1),Oligodendrocytes (OLIG2),44.0,0.004033035341452811,0.006049553012179217
Astrocytes (GFAP),Oligodendrocytes (OLIG2),67.5,0.15486584895664532,0.18583901874797437
Microglia (IBA1),Astrocytes (GFAP),165.0,0.4815007239515474,0.4815007239515474
